_id,SchoolYear,HBR,HBRQF,ValidReviews,EpiUnderweight,LCIEpiUnderweight,UCIEpiUnderweight,EpiHealthyWeight,LCIEpiHealthyWeight,UCIEpiHealthyWeight,EpiOverweight,LCIEpiOverweight,UCIEpiOverweight,EpiObese,LCIEpiObese,UCIEpiObese,EpiOverweightAndObese,LCIEpiOverweightAndObese,UCIEpiOverweightAndObese
1,2007/08,S08000015, ,3176,0.0170025188916877,0.0152775056978916,0.0187275320854837,0.762909319899244,0.757234484266699,0.76858415553179,0.120277078085642,0.11593673585746,0.124617420313825,0.0998110831234257,0.0958114901139528,0.103810676132899,0.220088161209068,0.214560000205891,0.225616322212245
2,2008/09,S08000015, ,3394,0.021508544490277,0.0199893468521582,0.0230277421283958,0.790512669416618,0.786251159088012,0.794774179745223,0.106069534472599,0.102844922610252,0.109294146334945,0.0819092516205068,0.0790375485592734,0.0847809546817402,0.187978786093105,0.183887419877573,0.192070152308638
3,2009/10,S08000015, ,3402,0.0164609053497942,0.0150599936723014,0.0178618170272871,0.754262198706643,0.749522123434016,0.75900227397927,0.129041740152851,0.125350673739986,0.132732806565717,0.100235155790711,0.0969287007034761,0.103541610877947,0.229276895943563,0.224648639455361,0.233905152431764
4,2010/11,S08000015, ,3530,0.011614730878187,0.010558549217226,0.012670912539148,0.725495750708215,0.721096660304989,0.729894841111441,0.145325779036827,0.141851677183509,0.148799880890146,0.117563739376771,0.114388698776674,0.120738779976867,0.262889518413598,0.258550176777307,0.267228860049889
5,2011/12,S08000015, ,3714,0.012924071082391,0.0122014263158693,0.0136467158489126,0.741249326871298,0.73844729666751,0.744051357075085,0.135702746365105,0.133511577757548,0.137893914972662,0.110123855681206,0.10812097351894,0.112126737843472,0.245826602046311,0.243071739364513,0.248581464728109
6,2012/13,S08000015, ,3778,0.0148226574907358,0.0140073646296051,0.0156379503518666,0.747485442032822,0.744554292495671,0.750416591569972,0.127051349920593,0.124804482815789,0.129298217025397,0.11064055055585,0.108524192131596,0.112756908980103,0.237691900476443,0.234820023354964,0.240563777597921
7,2013/14,S08000015, ,3749,0.0138703654307815,0.01295555914685,0.0147851717147131,0.707121899173113,0.703562237062005,0.710681561284221,0.142971459055748,0.140233414571656,0.14570950353984,0.136036276340357,0.133354680618286,0.138717872062429,0.279007735396106,0.275499476725905,0.282515994066306
8,2014/15,S08000015, ,3758,0.0122405534858968,0.0113413279009665,0.0131397790708271,0.755987227248537,0.752474810494003,0.75949964400307,0.121075039914848,0.118407286155444,0.123742793674253,0.110697179350718,0.108131303475242,0.113263055226195,0.231772219265567,0.228321431696761,0.235223006834373
9,2015/16,S08000015, ,3825,0.0120261437908497,0.0114235863638983,0.0126287012178011,0.743790849673203,0.741377694466867,0.746204004879538,0.131764705882353,0.129894967738404,0.133634444026302,0.112418300653595,0.110672135974832,0.114164465332358,0.244183006535948,0.241808198193091,0.246557814878805
10,2016/17,S08000015, ,3843,0.0132708821233411,0.0124181090193341,0.0141236552273482,0.737444704657819,0.734165566248738,0.7407238430669,0.128024980483997,0.125535068431566,0.130514892536428,0.121259432734843,0.1188268213734,0.123692044096285,0.249284413218839,0.246060599750081,0.252508226687598
11,2017/18,S08000015, ,3501,0.0142816338189089,0.0128728207044543,0.0156904469333634,0.764353041988004,0.759313791659683,0.769392292316324,0.12225078548986,0.118361238088083,0.126140332891637,0.0991145387032276,0.0955664743698289,0.102662603036626,0.221365324193088,0.216435746894868,0.226294901491308
12,2018/19,S08000015, ,2587,0.0146888287591805,0.0121292222751325,0.0172484352432285,0.754155392346347,0.744994164633997,0.763316620058697,0.128333977580209,0.121217930699285,0.135450024461132,0.102821801314264,0.0963596834619371,0.10928391916659,0.231155778894472,0.222186356653412,0.240125201135533
13,2019/20,S08000015, ,1936,0.0113636363636364,0.00812871038557738,0.0145985623416953,0.761880165289256,0.748880609467747,0.774879721110765,0.121900826446281,0.111915494598443,0.131886158294119,0.104855371900826,0.0955049901840123,0.114205753617641,0.226756198347107,0.213976364700546,0.239536031993669
14,2020/21,S08000015, ,3103,0.0128907508862391,0.0112118337060416,0.0145696680664367,0.662584595552691,0.655547220855672,0.66962197024971,0.139542378343539,0.134385043157699,0.144699713529378,0.184982275217531,0.179203229368486,0.190761321066576,0.32452465356107,0.31755620411704,0.3314931030051
15,2021/22,S08000015, ,3296,0.0130461165048544,0.011725862411733,0.0143663705979758,0.713895631067961,0.708637298219971,0.719153963915952,0.142293689320388,0.138228969747548,0.146358408893229,0.130764563106796,0.126841889156616,0.134687237056976,0.273058252427184,0.267874480030846,0.278242024823523
16,2022/23,S08000015, ,3229,0.00836172189532363,0.00771482481328062,0.00900861897736664,0.770207494580365,0.767218793424226,0.773196195736505,0.124496748219263,0.122151339274567,0.126842157163959,0.096934035305048,0.0948321521246985,0.0990359184853975,0.221430783524311,0.218481080429316,0.224380486619306
17,2023/24,S08000015, ,3088,0.00971502590673575,0.00865929227406663,0.0107707595394049,0.754533678756477,0.749901476086156,0.759165881426798,0.122733160621762,0.119201336269258,0.126264984974265,0.113018134715026,0.109610259226195,0.116426010203857,0.235751295336788,0.23118255284693,0.240320037826645
18,2001/02,S08000016, ,829,0.00844390832328106,0.00480780455203662,0.0120800120945255,0.765983112183354,0.74915873221952,0.782807492147187,0.141133896260555,0.127298733647652,0.154969058873458,0.0844390832328106,0.0733901271260924,0.0954880393395289,0.225572979493366,0.208964125868604,0.242181833118127
19,2003/04,S08000016, ,1019,0.00883218842001963,0.006749744611243,0.0109146322287963,0.762512266928361,0.753040968032646,0.771983565824076,0.14720314033366,0.13931732018955,0.155088960477771,0.0814524043179588,0.075364492957945,0.0875403156779726,0.228655544651619,0.219308365137715,0.238002724165523
20,2004/05,S08000016, ,1132,0.0123674911660777,0.0110946856900756,0.0136402966420799,0.734982332155477,0.729899574466639,0.740065089844315,0.143992932862191,0.13994966227785,0.148036203446531,0.108657243816254,0.105073183957777,0.112241303674732,0.252650176678445,0.247645853903517,0.257654499453373
21,2005/06,S08000016, ,1119,0.0116175156389634,0.00984349809932878,0.0133915331785979,0.77390527256479,0.766980143428315,0.780830401701266,0.105451295799821,0.100366579669594,0.110536011930048,0.109025915996425,0.103866076836407,0.114185755156444,0.214477211796247,0.207681910335966,0.221272513256528
22,2006/07,S08000016, ,1103,0.00453309156844968,0.00380015151379836,0.005266031623101,0.778785131459655,0.774256429093297,0.783313833826014,0.123300090661831,0.119712813148141,0.126887368175522,0.0933816863100635,0.0902069994361745,0.0965563731839525,0.216681776971895,0.212186689930221,0.221176864013568
23,2007/08,S08000016, ,1070,0.00934579439252336,0.0075631536797038,0.0111284351053429,0.798130841121495,0.790694373365349,0.805567308877642,0.104672897196262,0.0990013355862535,0.11034445880627,0.0878504672897196,0.082606020010652,0.0930949145687873,0.192523364485981,0.185218681552567,0.199828047419396
24,2008/09,S08000016, ,1062,0.00941619585687382,0.00790524131770633,0.0109271503960413,0.777777777777778,0.771273642687428,0.784281912868127,0.126177024482109,0.120982211525118,0.131371837439101,0.0866290018832392,0.082228286224645,0.0910297175418333,0.212806026365348,0.20640277005615,0.219209282674547
25,2009/10,S08000016, ,1140,0.0131578947368421,0.0116435012748754,0.0146722881988088,0.75,0.744245304844527,0.755754695155473,0.142105263157895,0.137464987616374,0.146745538699416,0.0947368421052632,0.0908448803710282,0.0986288038394982,0.236842105263158,0.231191976521045,0.242492234005271
26,2010/11,S08000016, ,1076,0.0148698884758364,0.0128191642611626,0.0169206126905103,0.785315985130112,0.778358878175579,0.792273092084644,0.116171003717472,0.11074175671113,0.121600250723815,0.0836431226765799,0.078952245651123,0.0883339997020369,0.199814126394052,0.193039035262556,0.206589217525548
27,2011/12,S08000016, ,1133,0.00353045013239188,0.00290802511427051,0.00415287515051325,0.766990291262136,0.76255398085829,0.771426601665982,0.139452780229479,0.135817474630629,0.14308808582833,0.0900264783759929,0.0870228963793466,0.0930300603726393,0.229479258605472,0.22506656401956,0.233891953191384
28,2012/13,S08000016, ,1150,0.00347826086956522,0.00284664931984143,0.00410987241928901,0.794782608695652,0.790449926267046,0.799115291124259,0.117391304347826,0.113938057183471,0.120844551512181,0.0843478260869565,0.0813663741596022,0.0873292780143108,0.201739130434783,0.197433932814596,0.206044328054969
29,2013/14,S08000016, ,1107,0.00542005420054201,0.00422750159482473,0.00661260680625929,0.771454381210479,0.764634175768226,0.778274586652731,0.130984643179765,0.125504652774008,0.136464633585523,0.0921409214092141,0.0874431554375762,0.096838687380852,0.223125564588979,0.216363085063051,0.229888044114907
30,2014/15,S08000016, ,1103,0.0099728014505893,0.00821349440533329,0.0117321084958453,0.783318223028105,0.776023819216247,0.790612626839963,0.113327289211242,0.107714762589506,0.118939815832978,0.0933816863100635,0.0882299622567445,0.0985334103633825,0.206708975521306,0.199539202120363,0.213878748922248
31,2015/16,S08000016, ,1086,0.00736648250460405,0.00626891178872847,0.00846405322047963,0.786372007366483,0.781111216166718,0.791632798566247,0.111418047882136,0.10737941405015,0.115456681714123,0.0948434622467772,0.0910827205222636,0.0986042039712907,0.206261510128913,0.201068062227298,0.211454958030529
32,2016/17,S08000016, ,1109,0.00631199278629396,0.00492873756156813,0.00769524801101979,0.767357980162308,0.759978306877434,0.774737653447182,0.126239855725879,0.120439048830363,0.132040662621395,0.100090171325518,0.0948482649234585,0.105332077727578,0.226330027051398,0.219021278737199,0.233638775365596
33,2017/18,S08000016, ,1106,0.0054249547920434,0.00430671989022967,0.00654318969385713,0.777576853526221,0.771245772750752,0.78390793430169,0.123869801084991,0.118854658932509,0.128884943237473,0.093128390596745,0.0887042374286288,0.0975525437648613,0.216998191681736,0.210723019565243,0.223273363798229
34,2018/19,S08000016, ,965,0.00414507772020725,0.00232022977617255,0.00596992566424196,0.768911917098446,0.756939292173614,0.780884542023277,0.135751295336788,0.126022620990468,0.145479969683107,0.0911917098445596,0.0830150463340533,0.0993683733550659,0.226943005181347,0.215046306436974,0.23883970392572
35,2021/22,S08000016, ,1113,0.0107816711590297,0.00976691993396212,0.0117964223840972,0.756513926325247,0.752296805997601,0.760731046652893,0.120395327942498,0.117197765406745,0.123592890478251,0.112309074573226,0.10920659607295,0.115411553073502,0.232704402515723,0.228552433354083,0.236856371677363
36,2022/23,S08000016, ,942,0.0127388535031847,0.0103303640684717,0.0151473429378977,0.767515923566879,0.758443906589102,0.776587940544656,0.123142250530786,0.116085062863331,0.13019943819824,0.0966029723991508,0.0902584618410417,0.10294748295726,0.219745222929936,0.210852362208649,0.228638083651223
37,2023/24,S08000016, ,702,0.00712250712250712,0.00365108412314956,0.0105939301218647,0.780626780626781,0.763544069971313,0.797709491282248,0.10968660968661,0.0967865560354411,0.122586663337778,0.102564102564103,0.0900401138318663,0.115088091296339,0.212250712250712,0.195371124132283,0.229130300369142
38,2004/05,S08000017, ,1021,0.0186092066601371,0.0139299549384504,0.0232884583818239,0.743388834476004,0.728265857840693,0.758511811111315,0.138099902056807,0.126154063531864,0.15004574058175,0.0999020568070519,0.0895190392316231,0.110285074382481,0.238001958863859,0.223256486725762,0.252747431001956
39,2005/06,S08000017, ,1277,0.00861393891934221,0.00674014688421465,0.0104877309544698,0.756460454189507,0.747757294527062,0.765163613851952,0.136256851996868,0.129300675807057,0.143213028186679,0.0986687548942835,0.0926218779938178,0.104715631794749,0.234925606891151,0.226329217047767,0.243521996734535
40,2006/07,S08000017, ,1211,0.00908340214698596,0.00707524422007862,0.0110915600738933,0.739884393063584,0.730598574792444,0.749170211334724,0.139554087530966,0.132219290338484,0.146888884723448,0.111478117258464,0.104816434940908,0.11813979957602,0.25103220478943,0.241854135466855,0.260210274112006
41,2007/08,S08000017, ,1334,0.00524737631184408,0.00466288175625161,0.00583187086743655,0.748875562218891,0.745367226570447,0.752383897867334,0.14767616191904,0.144805980595252,0.150546343242829,0.0982008995502249,0.0957934097809951,0.100608389319455,0.245877061469265,0.242393432439478,0.249360690499053
42,2008/09,S08000017, ,1378,0.0145137880986938,0.0132338295253287,0.0157937466720588,0.761973875181422,0.757415998168472,0.766531752194373,0.117561683599419,0.114114572144534,0.121008795054304,0.105950653120464,0.102656734899066,0.109244571341863,0.223512336719884,0.21905373911942,0.227970934320348
43,2009/10,S08000017, ,1458,0.00205761316872428,0,0,0.740054869684499,0,0,0.143347050754458,0,0,0.114540466392318,0,0,0.257887517146776,0,0
44,2010/11,S08000017, ,1405,0.00284697508896797,0.00202460959407142,0.00366934058386453,0.755160142348754,0.748523434049476,0.761796850648033,0.143060498220641,0.137656352032998,0.148464644408283,0.098932384341637,0.0943240914983592,0.103540677184915,0.241992882562278,0.23538244695865,0.248603318165905
45,2011/12,S08000017, ,1458,0.00754458161865569,0.00657437081091816,0.00851479242639322,0.752400548696845,0.747561138727889,0.757239958665801,0.132373113854595,0.128573325413503,0.136172902295688,0.107681755829904,0.104206202358492,0.111157309301316,0.240054869684499,0.235265929612294,0.244843809756705
46,2012/13,S08000017, ,1429,0.00909727081875437,0.00762630690132763,0.0105682347361811,0.767669699090273,0.761126787191911,0.774212610988635,0.129461161651505,0.124260066833409,0.1346622564696,0.0937718684394682,0.0892555349795631,0.0982882018993732,0.223233030090973,0.216781606651662,0.229684453530284
47,2013/14,S08000017, ,1269,0.00630417651694248,0.00447956719501443,0.00812878583887052,0.739952718676123,0.729840251647176,0.75006518570507,0.143420015760441,0.13533989561249,0.151500135908392,0.110323089046493,0.103100742196967,0.11754543589602,0.253743104806935,0.243711503163786,0.263774706450083
48,2014/15,S08000017, ,1422,0.00070323488045007,0.000381401452090394,0.00102506830880975,0.739803094233474,0.734476583032716,0.745129605434233,0.142756680731364,0.138509663877681,0.147003697585047,0.116736990154712,0.112838620871719,0.120635359437704,0.259493670886076,0.25417183495566,0.264815506816492
49,2015/16,S08000017, ,1385,0.0036101083032491,0.00259329247051623,0.00462692413598197,0.72129963898917,0.713698229108714,0.728901048869626,0.153790613718412,0.147674559001536,0.159906668435287,0.12129963898917,0.115764638232802,0.126834639745537,0.275090252707581,0.267519359872927,0.282661145542235
50,2016/17,S08000017, ,1316,0.00531914893617021,0.00396891632521895,0.00666938154712148,0.702127659574468,0.693638420414801,0.710616898734135,0.160334346504559,0.153523327120506,0.167145365888612,0.132218844984802,0.125931063714601,0.138506626255004,0.292553191489362,0.284108282863294,0.300998100115429
51,2017/18,S08000017, ,1359,0.00809418690213392,0.00724099721695922,0.00894737658730863,0.748344370860927,0.744212204126694,0.75247653759516,0.133186166298749,0.12995085376448,0.136421478833018,0.11037527593819,0.107391521434167,0.113359030442213,0.243561442236939,0.239474346019874,0.247648538454004
52,2018/19,S08000017, ,999,0.00700700700700701,0.00424013477367402,0.00977387924033999,0.735735735735736,0.721109590488016,0.750361880983455,0.136136136136136,0.12476093456956,0.147511337702712,0.121121121121121,0.110298705907601,0.131943536334642,0.257257257257257,0.242757766038633,0.271756748475881
53,2019/20,S08000017, ,1205,0.00912863070539419,0.00743493992357211,0.0108223214872163,0.749377593360996,0.741659980940133,0.757095205781858,0.119502074688797,0.113725444629138,0.125278704748455,0.121991701244813,0.116163465379931,0.127819937109695,0.24149377593361,0.233872016969767,0.249115534897452
54,2021/22,S08000017, ,2381,0.00713985720285594,0,0,0.71062578748425,0,0,0.132297354052919,0,0,0.149937001259975,0,0,0.282234355312894,0,0
55,2022/23,S08000017, ,1264,0.00870253164556962,0,0,0.731803797468354,0,0,0.14003164556962,0,0,0.119462025316456,0,0,0.259493670886076,0,0
56,2023/24,S08000017, ,1096,0.0136861313868613,0.0111016115085471,0.0162706512651755,0.756386861313869,0.746837940403982,0.765935782223755,0.114963503649635,0.107867847855271,0.122059159444,0.114963503649635,0.107867847855271,0.122059159444,0.22992700729927,0.220566639929137,0.239287374669403
57,2005/06,S08000019, ,2951,0.0172822771941715,0.0158911183869093,0.0186734360014336,0.754320569298543,0.749725159924135,0.758915978672951,0.125381226702813,0.121846242422573,0.128916210983052,0.103015926804473,0.0997709889409889,0.106260864667957,0.228397153507286,0.223915852811105,0.232878454203467
58,2006/07,S08000019, ,2808,0.00712250712250712,0.0060699504708588,0.00817506377415545,0.781695156695157,0.776524667949862,0.786865645440452,0.117877492877493,0.113841400499884,0.121913585255102,0.0933048433048433,0.089664318932381,0.0969453676773056,0.211182336182336,0.206073778405427,0.216290893959246
59,2007/08,S08000019, ,2614,0.0145371078806427,0.0128191920819892,0.0162550236792962,0.800306044376435,0.794568140908297,0.806043947844573,0.102142310635042,0.0977957141798634,0.106488907090221,0.0830145371078807,0.0790544838203934,0.0869745903953679,0.185156847742923,0.179581786679678,0.190731908806168
60,2008/09,S08000019, ,3070,0.0104234527687296,0.00985784376795823,0.0109890617695011,0.78371335504886,0.78142048580278,0.78600622429494,0.115960912052117,0.114177805242034,0.117744018862201,0.0899022801302932,0.0883092823158806,0.0914952779447057,0.20586319218241,0.203611428409365,0.208114955955456
61,2009/10,S08000019, ,3054,0.00949574328749181,0.00879296692554213,0.0101985196494415,0.77177472167649,0.76873347507002,0.77481596828296,0.129011132940406,0.126582038576904,0.131440227303908,0.0897184020956123,0.0876475306664348,0.0917892735247899,0.218729535036018,0.215733968930631,0.221725101141406
62,2010/11,S08000019, ,3220,0.00559006211180124,0.00521436637804752,0.00596575784555497,0.790372670807453,0.78832157887304,0.792423762741867,0.115217391304348,0.113608515477527,0.116826267131169,0.0888198757763975,0.0873863601930681,0.0902533913597269,0.204037267080745,0.202006564433582,0.206067969727908
63,2011/12,S08000019, ,3146,0.00699300699300699,0.0064460855297213,0.00753992845629269,0.774952320406866,0.772211430487751,0.777693210325981,0.127781309599491,0.125590204578143,0.12997241462084,0.0902733630006357,0.0883925219334957,0.0921542040677757,0.218054672600127,0.215344557565684,0.22076478763457
64,2012/13,S08000019, ,3342,0.00598444045481747,0.00574604952635362,0.00622283138328133,0.791741472172352,0.790486383375706,0.792996560968998,0.119090365050868,0.118089246861717,0.120091483240018,0.0831837223219629,0.0823301473123196,0.0840372973316062,0.202274087372831,0.201032497007833,0.203515677737828
65,2013/14,S08000019, ,3285,0.00700152207001522,0.00646186670324071,0.00754117743678973,0.759817351598174,0.757052502735039,0.762582200461308,0.132420091324201,0.130226389165976,0.134613793482425,0.10076103500761,0.0988128515721469,0.102709218443074,0.233181126331811,0.230444351466557,0.235917901197066
66,2014/15,S08000019, ,3390,0.0079646017699115,0.00783880845098862,0.00809039508883439,0.784365781710914,0.783783772152634,0.784947791269195,0.120648967551622,0.120188016402529,0.121109918700716,0.0870206489675516,0.0866217585581569,0.0874195393769463,0.207669616519174,0.207095564044242,0.208243668994106
67,2015/16,S08000019, ,3206,0.0118527760449158,0.0109321400951658,0.0127734119946658,0.765127885215222,0.761521685232081,0.768734085198362,0.12975670617592,0.126898113268952,0.132615299082888,0.0932626325639426,0.0907888492554268,0.0957364158724584,0.223019338739863,0.219478196029361,0.226560481450365
68,2016/17,S08000019, ,3209,0.00498597693985665,0.00452135818789992,0.00545059569181339,0.779370520411343,0.77663518392826,0.782105856894427,0.124961047055157,0.122779784111956,0.127142309998358,0.0906824555936429,0.0887882530234241,0.0925766581638617,0.2156435026488,0.212930614188056,0.218356391109545
69,2017/18,S08000019, ,2969,0.0124621084540249,0.0109893891857385,0.0139348277223114,0.770966655439542,0.765388193470859,0.776545117408225,0.116874368474234,0.112609376630282,0.121139360318185,0.0996968676321994,0.0957196215855285,0.10367411367887,0.216571236106433,0.211102997388672,0.222039474824194
70,2018/19,S08000019, ,2964,0.00944669365721997,0.00844542601078742,0.0104479613036525,0.769568151147099,0.765209359234847,0.77392694305935,0.118421052631579,0.115076666568026,0.121765438695131,0.102564102564103,0.099423805363598,0.105704399764607,0.220985155195682,0.216690525147822,0.225279785243541
71,2019/20,S08000019, ,1762,0.0136208853575482,0.0100437190531341,0.0171980516619624,0.774687854710556,0.761794373153928,0.787581336267184,0.121452894438138,0.111371955384346,0.131533833491931,0.0902383654937571,0.0813958883150333,0.0990808426724809,0.211691259931896,0.199084189965792,0.224298329897999
72,2021/22,S08000019, ,2784,0.00754310344827586,0.00647845827878583,0.0086077486177659,0.772988505747126,0.767834030353129,0.778142981141124,0.114583333333333,0.110664032485439,0.118502634181228,0.104885057471264,0.101114806653254,0.108655308289275,0.219468390804598,0.214375606692562,0.224561174916633
73,2022/23,S08000019, ,2755,0.0112522686025408,0.0104068720087772,0.0120976651963044,0.766243194192378,0.762851137161625,0.76963525122313,0.117241379310345,0.114662926772953,0.119819831847736,0.105263157894737,0.102803449882094,0.10772286590738,0.222504537205082,0.219170917415209,0.225838156994954
74,2023/24,S08000019, ,2699,0.0274175620600222,0.0255656767702848,0.0292694473497596,0.778065950351982,0.773353393237345,0.782778507466619,0.102630603927381,0.099189002904458,0.106072204950303,0.091885883660615,0.0886099804307196,0.0951617868905105,0.194516487587996,0.190027555968678,0.199005419207313
75,2009/10,S08000020, ,4940,0.0147773279352227,0.0136756769882208,0.0158789788822246,0.780971659919028,0.777195532408111,0.784747787429946,0.108502024291498,0.1056624191168,0.111341629466196,0.095748987854251,0.0930624655191521,0.0984355101893499,0.204251012145749,0.200570154566225,0.207931869725273
76,2010/11,S08000020, ,5219,0.0183943284154053,0.0172987758275143,0.0194898810032962,0.787123970109216,0.783786574566769,0.790461365651664,0.105384173213259,0.102880782041643,0.107887564384875,0.0890975282621192,0.0867748369271589,0.0914202195970795,0.194481701475378,0.191254695203969,0.197708707746788
77,2011/12,S08000020, ,5166,0.0120015485869144,0.0109362194193522,0.0130668777544767,0.765582655826558,0.761438100365636,0.769727211287481,0.124661246612466,0.121429473579106,0.127893019645826,0.0977545489740612,0.094849069038834,0.100660028909288,0.222415795586527,0.218347208931255,0.226484382241799
78,2012/13,S08000020, ,5612,0.0106913756236636,0.00991467468495458,0.0114680765623726,0.77583749109052,0.772688017224105,0.778986964956935,0.121881682109765,0.119410999965589,0.124352364253941,0.0915894511760513,0.0894110646044455,0.0937678377476572,0.213471133285816,0.210376579399663,0.216565687171969
79,2013/14,S08000020, ,5855,0.00683176771989752,0.00618795479647758,0.00747558064331746,0.746541417591802,0.743141548552257,0.749941286631347,0.138855678906917,0.136152955963306,0.141558401850528,0.107771135781383,0.105347479110981,0.110194792451786,0.246626814688301,0.243257768535519,0.249995860841082
80,2014/15,S08000020, ,5833,0.00925767186696383,0.00844343271851892,0.0100719110154087,0.768901080061718,0.765317187994193,0.772484972129243,0.12189267958169,0.119111152199533,0.124674206963848,0.099948568489628,0.0973985538057003,0.102498583173556,0.221841248071318,0.218308798409894,0.225373697732742
81,2015/16,S08000020, ,5763,0.0137081381225056,0.0125895091475696,0.0148267670974417,0.759500260281104,0.755388617535048,0.763611903027159,0.120423390595176,0.117292366823813,0.12355441436654,0.106368211001215,0.103402155073298,0.109334266929131,0.226791601596391,0.222762985636502,0.23082021755628
82,2016/17,S08000020, ,5732,0.00628053035589672,0.00557909098108294,0.0069819697307105,0.768143754361479,0.76439669361741,0.771890815105549,0.124389392882066,0.121459125417,0.127319660347131,0.101186322400558,0.0985086599753869,0.10386398482573,0.225575715282624,0.221864674429641,0.229286756135607
83,2017/18,S08000020, ,5881,0.00680156435980276,0.00619648552717885,0.00740664319242666,0.764325794932835,0.761201264027373,0.767450325838297,0.129399761945247,0.126928802199284,0.131870721691211,0.0994728787621153,0.0972694942985837,0.101676263225647,0.228872640707363,0.225779857082935,0.23196542433179
84,2018/19,S08000020, ,4897,0.00735143965693282,0.00622068547808447,0.00848219383578116,0.781294670206249,0.775822981788571,0.786766358623927,0.124566060853584,0.120194909949798,0.12893721175737,0.0867878292832346,0.0830613432061531,0.0905143153603161,0.211353890136818,0.205949702120243,0.216758078153394
85,2021/22,S08000020, ,5435,0.0103035878564857,0.00920999120616831,0.0113971845068032,0.758417663293468,0.753782140270072,0.763053186316865,0.125298988040478,0.121713770352974,0.128884205727982,0.105979760809568,0.102646286772742,0.109313234846393,0.231278748850046,0.226712450935413,0.235845046764679
86,2022/23,S08000020, ,5455,0.0115490375802017,0.0106768616407597,0.0124212135196437,0.782768102658112,0.779401964027807,0.786134241288416,0.10724106324473,0.104715249635878,0.109766876853581,0.0984417965169569,0.0960099268807333,0.100873666153181,0.205682859761687,0.202383348171947,0.208982371351426
87,2023/24,S08000020, ,5185,0.00655737704918033,0.00562259875899858,0.00749215533936208,0.781099324975892,0.7763102809842,0.785888368967584,0.118611378977821,0.114866661635351,0.122356096320291,0.093731918997107,0.0903563713607049,0.0971074666335092,0.212343297974928,0.20760677214214,0.217079823807715
88,2008/09,S08000022, ,2850,0.00947368421052632,0.00834511328533484,0.0106022551357178,0.739298245614035,0.734183568630851,0.744412922597219,0.138947368421053,0.134917634152265,0.14297710268984,0.112280701754386,0.108602574199755,0.115958829309017,0.251228070175439,0.246175117216845,0.256281023134032
89,2009/10,S08000022, ,3012,0.0049800796812749,0.00422449313165207,0.00573566623089773,0.745683930942895,0.741009653589988,0.750358208295802,0.137782204515272,0.13408260051377,0.141481808516774,0.111553784860558,0.108174631436188,0.114932938284928,0.24933598937583,0.244692275346681,0.253979703404979
90,2010/11,S08000022, ,2905,0.0072289156626506,0.00611475807484183,0.00834307325045937,0.736660929432014,0.730868283932655,0.742453574931373,0.143201376936317,0.138594586457794,0.147808167414839,0.112908777969019,0.108746477019685,0.117071078918352,0.256110154905336,0.250369608947953,0.261850700862718
91,2011/12,S08000022, ,3015,0.00762852404643449,0.00665154388486181,0.00860550420800718,0.756218905472637,0.751397739024511,0.761040071920763,0.133333333333333,0.129516319236375,0.137150347430291,0.102819237147595,0.0994088356204144,0.106229638674776,0.236152570480929,0.231383563059452,0.240921577902406
92,2012/13,S08000022, ,3143,0.0089086859688196,0.00811265051548859,0.00970472142215061,0.760738148265988,0.757123857587266,0.76435243894471,0.125676105631562,0.122867884640313,0.128484326622812,0.10467706013363,0.102083571405104,0.107270548862156,0.230353165765193,0.226786096137908,0.233920235392477
93,2013/14,S08000022, ,3163,0.00695542206765729,0.00609893208704256,0.00781191204827201,0.749288650015808,0.744821940139283,0.753755359892333,0.12709453050901,0.123661930430188,0.130527130587833,0.116661397407525,0.113353109006901,0.119969685808148,0.243755927916535,0.239331218496452,0.248180637336617
94,2014/15,S08000022, ,3068,0.00651890482398957,0.00555163287704401,0.00748617677093513,0.752281616688396,0.747093009277052,0.757470224099741,0.134941329856584,0.130834783373345,0.139047876339823,0.10625814863103,0.10255416858381,0.10996212867825,0.241199478487614,0.236057462044056,0.246341494931172
95,2015/16,S08000022, ,3109,0.00868446445802509,0.00776394325314675,0.00960498566290343,0.7613380508202,0.757109060612036,0.765567041028363,0.125442264393696,0.122156226969204,0.128728301818188,0.10453522032808,0.101499848535639,0.10757059212052,0.229977484721775,0.225802540362266,0.234152429081285
96,2016/17,S08000022, ,2840,0.00704225352112676,0.00589274655883166,0.00819176048342186,0.754929577464789,0.749016833624079,0.760842321305498,0.130281690140845,0.125654456883417,0.134908923398273,0.107746478873239,0.10348425681298,0.112008700933499,0.238028169014085,0.232173881733707,0.243882456294462
97,2017/18,S08000022, ,3095,0.00904684975767367,0.00807495473506228,0.0100187447802851,0.748949919224556,0.744498990092047,0.753400848357065,0.136025848142165,0.132506962091152,0.139544734193177,0.105977382875606,0.102817834888987,0.109136930862224,0.242003231017771,0.237606920425459,0.246399541610083
98,2018/19,S08000022, ,2624,0.00647865853658537,0.00522007730530117,0.00773723976786956,0.72484756097561,0.71784172234398,0.73185339960724,0.145198170731707,0.139671502437915,0.1507248390255,0.123475609756098,0.118314742390455,0.12863647712174,0.268673780487805,0.26172004253425,0.27562751844136
99,2019/20,S08000022, ,2137,0.00935891436593355,0.0070726321949124,0.0116451965369547,0.738418343472157,0.727982830406548,0.748853856537767,0.15067852129153,0.142184357066659,0.159172685516401,0.101544220870379,0.09437230999382,0.108716131746938,0.252222742161909,0.241910878250703,0.262534606073116
100,2020/21,S08000022, ,3202,0.00343535290443473,0.00330161412544112,0.00356909168342833,0.683010618363523,0.681947075441095,0.684074161285951,0.154278575890069,0.15345294598776,0.155104205792378,0.159275452841974,0.158439040899744,0.160111864784204,0.313554028732042,0.312493607756554,0.314614449707531
101,2021/22,S08000022, ,2868,0.00801952580195258,0.00704741639280847,0.00899163521109669,0.727336122733612,0.722482448525608,0.732189796941617,0.137726638772664,0.133970681013859,0.141482596531469,0.126917712691771,0.123289623563696,0.130545801819846,0.264644351464435,0.259836298189331,0.26945240473954
102,2022/23,S08000022, ,2815,0.0117229129662522,0,0,0.748134991119005,0,0,0.126465364120782,0,0,0.113676731793961,0,0,0.240142095914742,0,0
103,2023/24,S08000022, ,2572,0.00855365474339036,0.00746572492726995,0.00964158455951076,0.755054432348367,0.749973840159165,0.760135024537569,0.127527216174184,0.12358656677889,0.131467865569477,0.108864696734059,0.105185053008242,0.112544340459876,0.236391912908243,0.231372626475161,0.241411199341324
104,2001/02,S08000024, ,1915,0.0151436031331593,0.0102981041965951,0.0199891020697235,0.735770234986945,0.718275820396464,0.753264649577426,0.13420365535248,0.120678960220175,0.147728350484786,0.114882506527415,0.102230341407947,0.127534671646883,0.249086161879896,0.231926556664173,0.266245767095619
105,2002/03,S08000024, ,1741,0.0189546237794371,0.0132134067829542,0.02469584077592,0.715106260769673,0.69610298053765,0.734109541001696,0.144170017231476,0.1293812132126,0.158958821250352,0.121769098219414,0.108000975385791,0.135537221053037,0.26593911545089,0.247337143671301,0.28454108723048
106,2003/04,S08000024, ,1650,0.0181818181818182,0.0123839014510985,0.0239797349125379,0.763636363636364,0.745200163449748,0.782072563822979,0.123636363636364,0.109352257473331,0.137920469799396,0.0945454545454545,0.0818487376205078,0.107242171470401,0.218181818181818,0.200259262238703,0.236104374124933
107,2004/05,S08000024, ,6943,0.0132507561572807,0.0120691831915198,0.0144323291230417,0.751548322050987,0.747083170174328,0.756013473927646,0.125882183494167,0.122454474583768,0.129309892404566,0.109318738297566,0.10609436529051,0.112543111304622,0.235200921791733,0.230818340290113,0.239583503293353
108,2005/06,S08000024, ,6945,0.0161267098632109,0.0149363268269838,0.0173170928994381,0.756371490280778,0.752314762302385,0.76042821825917,0.124838012958963,0.121714366280166,0.12796165963776,0.102663786897048,0.0997954477855575,0.105532126008539,0.227501799856012,0.223540064929736,0.231463534782287
109,2006/07,S08000024, ,5140,0.0126459143968872,0.0108186663978789,0.0144731623958954,0.74863813229572,0.741544452482541,0.755731812108899,0.132101167315175,0.126564176640063,0.137638157990287,0.106614785992218,0.101568010187561,0.111661561796874,0.238715953307393,0.231744874399774,0.245687032215012
110,2007/08,S08000024, ,5033,0.0111265646731572,0.00935657867849669,0.0128965506678176,0.752632624677131,0.745351781833445,0.759913467520817,0.131730578183986,0.126023819889039,0.137437336478933,0.104510232465726,0.0993481059148845,0.109672359016568,0.236240810649712,0.229073196586991,0.243408424712433
111,2008/09,S08000024, ,7207,0.0149854308311364,0.0141459081920407,0.0158249534702321,0.759400582766755,0.756446931504035,0.762354234029474,0.125017344248647,0.122731948974684,0.127302739522611,0.100596642153462,0.0985181640056278,0.102675120301296,0.225613986402109,0.222725713483715,0.228502259320503
112,2009/10,S08000024, ,7220,0.0191135734072022,0.017946302343434,0.0202808444709704,0.763296398891967,0.759672797213828,0.766920000570106,0.122853185595568,0.120054714863552,0.125651656327583,0.0947368421052632,0.0922403034902263,0.0972333807203001,0.217590027700831,0.214072576385469,0.221107479016193
113,2010/11,S08000024, ,7740,0.0222222222222222,0.0212472929431268,0.0231971515013177,0.765374677002584,0.762571930784685,0.768177423220483,0.113953488372093,0.111851882074688,0.116055094669498,0.0984496124031008,0.0964791811084791,0.100420043697722,0.212403100775194,0.209697948518512,0.215108253031876
114,2011/12,S08000024, ,8096,0.0106225296442688,0.00993634252658978,0.0113087167619478,0.771615612648221,0.768805774623804,0.774425450672639,0.124258893280632,0.122050892692497,0.126466893868768,0.0935029644268775,0.0915542712685737,0.0954516575851812,0.21776185770751,0.214999321512166,0.220524393902854
115,2012/13,S08000024, ,8583,0.00885471280438075,0.00839632666549699,0.00931309894326452,0.783059536292672,0.781042827229535,0.785076245355808,0.119189094722125,0.11760370813862,0.120774481305631,0.0888966561808226,0.0875041340386634,0.0902891783229817,0.208085750902948,0.206099492139959,0.210072009665936
116,2013/14,S08000024, ,8751,0.00731344989144098,0.00675582300157097,0.00787107678131098,0.771454690892469,0.76870668371819,0.774202698066749,0.123871557536282,0.121715570311568,0.126027544760995,0.097360301679808,0.095420199227228,0.0993004041323881,0.22123185921609,0.218515392319792,0.223948326112388
117,2014/15,S08000024, ,8722,0.00905755560651227,0.00840883063605105,0.00970628057697348,0.775968814492089,0.773113806899769,0.778823822084409,0.117518917679431,0.115313770969019,0.119724064389844,0.0974547122219674,0.0954239137948546,0.0994855106490803,0.214973629901399,0.21216065658336,0.217786603219437
118,2015/16,S08000024, ,8716,0.0113584212941716,0.0107027473392345,0.0120140952491088,0.775699862322166,0.773118962558968,0.778280762085364,0.120468104635154,0.118454049543331,0.122482159726976,0.0924736117485085,0.0906811576145029,0.0942660658825141,0.212941716383662,0.210408668889923,0.215474763877402
119,2016/17,S08000024, ,8193,0.0115952642499695,0.010655274332322,0.012535254167617,0.759794946905895,0.756043880682929,0.763546013128862,0.121567191504943,0.118697878497849,0.124436504512037,0.107042597339192,0.104327976669386,0.109757218008998,0.228609788844135,0.224922561342722,0.232297016345549
120,2017/18,S08000024, ,8809,0.0112385060733341,0.0105419455003692,0.011935066646299,0.768532182994665,0.765745194594548,0.771319171394781,0.117379952321489,0.115253073816618,0.119506830826361,0.102849358610512,0.100842150959724,0.1048565662613,0.220229310932001,0.217491018431225,0.222967603432777
121,2018/19,S08000024, ,8798,0.0105705842236872,0.00995252775950982,0.0111886406878646,0.779268015458059,0.776761546627571,0.781774484288547,0.113889520345533,0.111969649264014,0.115809391427052,0.0962718799727211,0.0944892759883039,0.0980544839571383,0.210161400318254,0.207699151699847,0.212623648936662
122,2019/20,S08000024, ,8028,0.00996512207274539,0.00907909585389246,0.0108511482915983,0.778774289985052,0.775071717101422,0.782476862868683,0.113477827603388,0.110648518986909,0.116307136219867,0.0977827603388142,0.0951332432695269,0.100432277408101,0.211260587942202,0.207619291575023,0.214901884309381
123,2020/21,S08000024, ,6796,0.00706297822248381,0.00601818503374564,0.00810777141122199,0.714832254267216,0.709199409036698,0.720465099497734,0.134049440847557,0.129798798162541,0.138300083532573,0.144055326662743,0.139674429538721,0.148436223786764,0.2781047675103,0.27251470259717,0.283694832423431
124,2021/22,S08000024, ,8432,0.0101992409867173,0.00952326862097678,0.0108752133524578,0.757708728652751,0.75482608370839,0.760591373597113,0.118833017077799,0.116655965121187,0.12101006903441,0.113259013282732,0.111126921470701,0.115391105094764,0.232092030360531,0.229251785220324,0.234932275500739
125,2022/23,S08000024, ,7851,0.0188511017704751,0.0178100284804342,0.019892175060516,0.779009043433958,0.775832871706414,0.782185215161501,0.108775952108012,0.106392505816724,0.1111593983993,0.0933639026875557,0.0911367423861199,0.0955910629889915,0.202139854795567,0.199065635560596,0.205214074030538
126,2023/24,S08000024, ,7881,0.0195406674279914,0.0185079075358545,0.0205734273201282,0.788859281817028,0.785814188251323,0.791904375382733,0.107346783403121,0.105037108904088,0.109656457902154,0.0842532673518589,0.0821807606705948,0.086325774033123,0.19160005075498,0.18866357903187,0.194536522478091
127,2010/11,S08000025, ,198,0,0,0,0.742424242424242,0.724799650753394,0.760048834095091,0.131313131313131,0.117700997617509,0.144925265008753,0.126262626262626,0.11287608550989,0.139649167015362,0.257575757575758,0.239951165904909,0.275200349246606
128,2011/12,S08000025, ,233,0.00429184549356223,0,0,0.695278969957082,0,0,0.15450643776824,0,0,0.145922746781116,0,0,0.300429184549356,0,0
129,2012/13,S08000025, ,210,0.0142857142857143,0.00943597202452143,0.0191354565469071,0.733333333333333,0.715260458845014,0.751406207821652,0.119047619047619,0.105812473331549,0.132282764763689,0.133333333333333,0.119440604202406,0.147226062464261,0.252380952380952,0.234628407486162,0.270133497275743
130,2013/14,S08000025, ,216,0.00925925925925926,0.00599729618365104,0.0125212223348675,0.680555555555556,0.664675925925926,0.696435185185185,0.152777777777778,0.140524855719176,0.16503069983638,0.157407407407407,0.145004248476814,0.169810566338001,0.310185185185185,0.294431299430024,0.325939070940347
131,2014/15,S08000025, ,213,0,0,0,0.779342723004695,0.760023924320546,0.798661521688844,0.140845070422535,0.124639537551782,0.157050603293288,0.07981220657277,0.0671872573454906,0.0924371558000493,0.220657276995305,0.201338478311156,0.239976075679454
132,2015/16,S08000025, ,168,0,0,0,0.738095238095238,0.703913666545965,0.772276809644511,0.148809523809524,0.121140561712365,0.176478485906683,0.113095238095238,0.0884731557143067,0.13771732047617,0.261904761904762,0.227723190355489,0.296086333454035
133,2016/17,S08000025, ,192,0.00520833333333333,0.00140359081582393,0.00901307585084274,0.744791666666667,0.7217467762799,0.767836557053434,0.151041666666667,0.132113812153342,0.169969521179991,0.0989583333333333,0.0831746470592954,0.114742019607371,0.25,0.227111862557526,0.272888137442474
134,2017/18,S08000025, ,183,0,0,0,0.754098360655738,0.730296205488713,0.777900515822762,0.158469945355191,0.138284894806934,0.178654995903449,0.087431693989071,0.0718186095362649,0.103044778441877,0.245901639344262,0.222099484177238,0.269703794511287
135,2018/19,S08000025, ,200,0,0,0,0.66,0.638066976952549,0.681933023047451,0.18,0.162211871936598,0.197788128063402,0.16,0.143025902085825,0.176974097914175,0.34,0.318066976952549,0.361933023047451
136,2019/20,S08000025, ,145,0.00689655172413793,-0.000575564759902585,0.0143686682081784,0.772413793103448,0.734558346970241,0.810269239236655,0.117241379310345,0.0881950114629309,0.146287747157759,0.103448275862069,0.0759516317152389,0.130944920008899,0.220689655172414,0.183246141279645,0.258133169065183
137,2020/21,S08000025, ,185,0.0108108108108108,0.00523134318306354,0.0163902784385581,0.735135135135135,0.711327310570882,0.758942959699388,0.102702702702703,0.0863238655879607,0.119081539817445,0.151351351351351,0.13201470914789,0.170687993554813,0.254054054054054,0.230566343214716,0.277541764893393
138,2021/22,S08000025, ,177,0,0,0,0.740112994350282,0.716549233923527,0.763676754777037,0.146892655367232,0.127872888795481,0.165912421938982,0.112994350282486,0.0959847205880522,0.13000397997692,0.259887005649718,0.236323245222963,0.283450766076473
139,2022/23,S08000025, ,166,0,0,0,0.728915662650602,0.69630507285356,0.761526252447645,0.174698795180723,0.146842779770182,0.202554810591264,0.0963855421686747,0.0747351716894165,0.118035912647933,0.271084337349398,0.238473747552355,0.30369492714644
140,2023/24,S08000025, ,190,0.00526315789473684,0.0042103360529305,0.00631597973654318,0.678947368421053,0.672154022075882,0.685740714766224,0.215789473684211,0.209803854997416,0.221775092371005,0.1,0.0956348533388463,0.104365146661154,0.315789473684211,0.309025976937235,0.322552970431186
141,2008/09,S08000026, ,241,0.016597510373444,0.0121238501102103,0.0210711706366777,0.788381742738589,0.774078954132114,0.802684531345065,0.103734439834025,0.0930572808059956,0.114411598862054,0.0912863070539419,0.0812009279169827,0.101371686190901,0.195020746887967,0.181146525336712,0.208894968439221
142,2009/10,S08000026, ,237,0.00843881856540084,0.00533853173448493,0.0115391053963168,0.763713080168776,0.749315608005416,0.778110552332137,0.10126582278481,0.0910411747021853,0.111490470867435,0.126582278481013,0.115312931610736,0.13785162535129,0.227848101265823,0.21363216815463,0.242064034377016
143,2010/11,S08000026, ,240,0.0125,0.00859393806759035,0.0164060619324097,0.770833333333333,0.756056834850695,0.785609831815972,0.141666666666667,0.129407035817879,0.153926297515454,0.075,0.0657398704112739,0.0842601295887261,0.216666666666667,0.202182786565576,0.231150546767758
144,2011/12,S08000026, ,271,0.014760147601476,0.010504863313351,0.019015431889601,0.745387453874539,0.730015000531428,0.76075990721765,0.14760147601476,0.135085090274896,0.160117861754624,0.0922509225092251,0.0820396348349523,0.102462210183498,0.239852398523985,0.224785174622525,0.254919622425445
145,2012/13,S08000026, ,232,0,0,0,0.788793103448276,0.766103524137287,0.811482682759265,0.0948275862068966,0.0785412330995682,0.111113939314225,0.116379310344828,0.0985529914476093,0.134205629242046,0.211206896551724,0.188517317240736,0.233896475862713
146,2013/14,S08000026, ,260,0.00769230769230769,0,0,0.815384615384615,0,0,0.119230769230769,0,0,0.0576923076923077,0,0,0.176923076923077,0,0
147,2014/15,S08000026, ,287,0,0,0,0.72822299651568,0,0,0.128919860627178,0,0,0.142857142857143,0,0,0.271777003484321,0,0
148,2015/16,S08000026, ,273,0.00732600732600733,0.00524658263211524,0.00940543201989941,0.765567765567766,0.755237614234314,0.775897916901217,0.146520146520147,0.137897283045902,0.155143009994391,0.0805860805860806,0.0739487758920594,0.0872233852801018,0.227106227106227,0.216890233176666,0.237322221035788
149,2016/17,S08000026, ,253,0.00395256916996047,0.00118608938802504,0.00671904895189591,0.735177865612648,0.715723319463035,0.754632411762261,0.134387351778656,0.119349397980439,0.149425305576873,0.126482213438735,0.111826790498198,0.141137636379273,0.260869565217391,0.241508912213108,0.280230218221675
150,2017/18,S08000026, ,273,0,0,0,0.747252747252747,0,0,0.142857142857143,0,0,0.10989010989011,0,0,0.252747252747253,0,0
151,2018/19,S08000026, ,227,0.00440528634361234,0.000333530869022125,0.00847704181820255,0.797356828193833,0.772642678511556,0.82207097787611,0.092511013215859,0.0746966326047924,0.110325393826926,0.105726872246696,0.0868216795145982,0.124632064978794,0.198237885462555,0.173726411920002,0.222749359005108
152,2019/20,S08000026, ,184,0,0,0,0.760869565217391,0.728119222358387,0.793619908076395,0.157608695652174,0.129632391371466,0.185584999932881,0.0815217391304348,0.0605122991257044,0.102531179135165,0.239130434782609,0.206380091923605,0.271880777641613
153,2020/21,S08000026, ,226,0.0132743362831858,0.00855580898939675,0.0179928635769749,0.699115044247788,0.68020570243197,0.718024386063605,0.13716814159292,0.12298437534939,0.151351907836451,0.150442477876106,0.13570295296253,0.165182002789682,0.287610619469027,0.268948411322232,0.306272827615821
154,2021/22,S08000026, ,260,0.00769230769230769,0.00655590859017963,0.00882870679443575,0.75,0.744367774751942,0.755632225248058,0.119230769230769,0.115015700902028,0.123445837559511,0.123076923076923,0.118803770069292,0.127350076084554,0.242307692307692,0.236734430832381,0.247880953783004
155,2022/23,S08000026, ,204,0.0147058823529412,0.00718987098267598,0.0222218937232064,0.799019607843137,0.773998040923797,0.824041174762477,0.0882352941176471,0.0705251743975635,0.105945413837731,0.0980392156862745,0.0794717477891815,0.116606683583368,0.186274509803922,0.161965088819706,0.210583930788137
156,2023/24,S08000026, ,213,0.0187793427230047,0.0142420206993975,0.0233166647466119,0.723004694835681,0.708046374458484,0.737963015212878,0.126760563380282,0.11563979440716,0.137881332353403,0.131455399061033,0.120161046398027,0.142749751724038,0.258215962441315,0.243587241589731,0.272844683292898
157,2003/04,S08000028, ,179,0.00558659217877095,-0.000693804045067443,0.0118669884026093,0.770949720670391,0.73554114036627,0.806358300974512,0.128491620111732,0.100294597029806,0.156688643193658,0.0949720670391061,0.0702685373465745,0.119675596731638,0.223463687150838,0.188363095378727,0.258564278922949
158,2004/05,S08000028, ,22,0,0,0,0.681818181818182,0.494653262661328,0.868983100975036,0.0909090909090909,-0.0246116051760558,0.206429786994238,0.227272727272727,0.0588738218398437,0.395671632705611,0.318181818181818,0.131016899024964,0.505346737338672
159,2005/06,S08000028, ,126,0.00793650793650794,-0.0035911768764446,0.0194641927494605,0.738095238095238,0.680975588928006,0.79521488726247,0.150793650793651,0.10430405433514,0.197283247252162,0.103174603174603,0.0636563276364561,0.14269287871275,0.253968253968254,0.197419114163832,0.310517393772676
160,2006/07,S08000028, ,278,0.0179856115107914,0,0,0.784172661870504,0,0,0.0899280575539568,0,0,0.107913669064748,0,0,0.197841726618705,0,0
161,2007/08,S08000028, ,236,0.0169491525423729,0.0119359206500566,0.0219623844346892,0.73728813559322,0.720195293734087,0.754380977452354,0.122881355932203,0.110130833566347,0.13563187829806,0.122881355932203,0.110130833566347,0.13563187829806,0.245762711864407,0.229041497918695,0.262483925810119
162,2008/09,S08000028, ,244,0.0286885245901639,0.0209859987629633,0.0363910504173646,0.745901639344262,0.725813416894812,0.765989861793713,0.114754098360656,0.100047377092541,0.129460819628771,0.110655737704918,0.0961806328216639,0.125130842588172,0.225409836065574,0.20612916182361,0.244690510307538
163,2009/10,S08000028, ,209,0.0287081339712919,0.01636413812593,0.0410521298166537,0.727272727272727,0.694350338086627,0.760195116458827,0.0956937799043062,0.0739478480543003,0.117439711754312,0.148325358851675,0.122051553943395,0.174599163759954,0.244019138755981,0.212268990740585,0.275769286771377
164,2010/11,S08000028, ,249,0.0200803212851406,0.016052684133344,0.0241079584369371,0.710843373493976,0.69782600184336,0.723860745144592,0.136546184738956,0.126687269987057,0.146405099490854,0.132530120481928,0.12279470998526,0.142265530978595,0.269076305220884,0.256342930545609,0.281809679896158
165,2011/12,S08000028, ,280,0.0142857142857143,0.0108638593926642,0.0177075691787644,0.789285714285714,0.777525934345493,0.801045494225935,0.0785714285714286,0.0708125626749202,0.0863302944679369,0.117857142857143,0.108559293643481,0.127154992070805,0.196428571428571,0.184972132191182,0.207885010665961
166,2012/13,S08000028, ,252,0.0198412698412698,0.0130032629220741,0.0266792767604656,0.726190476190476,0.704325644060245,0.748055308320707,0.123015873015873,0.106910416452331,0.139121329579415,0.130952380952381,0.114410873517314,0.147493888387448,0.253968253968254,0.232624786880272,0.275311721056236
167,2013/14,S08000028, ,269,0.0148698884758364,0.0119979520305478,0.0177418249211251,0.732342007434944,0.721836397939325,0.742847616930563,0.133828996282528,0.125750117290308,0.141907875274747,0.118959107806691,0.111277165265117,0.126641050348266,0.252788104089219,0.242475356758812,0.263100851419627
168,2014/15,S08000028, ,212,0.0141509433962264,0.00697366167640848,0.0213282251160444,0.716981132075472,0.689608053626181,0.744354210524762,0.141509433962264,0.120329600336827,0.162689267587701,0.127358490566038,0.107100611733184,0.147616369398892,0.268867924528302,0.241925945122595,0.295809903934009
169,2015/16,S08000028, ,262,0.00381679389312977,0.00335550420916685,0.00427808357709269,0.820610687022901,0.81774042432021,0.823480949725592,0.0877862595419847,0.0856692814814429,0.0899032376025265,0.0877862595419847,0.0856692814814429,0.0899032376025265,0.175572519083969,0.172726359284776,0.178418678883163
170,2016/17,S08000028, ,238,0.00420168067226891,0.00190916008216605,0.00649420126237176,0.785714285714286,0.771171588457992,0.80025698297058,0.105042016806723,0.0941752867694811,0.115908746843964,0.105042016806723,0.0941752867694811,0.115908746843964,0.210084033613445,0.195646167879597,0.224521899347294
171,2017/18,S08000028, ,258,0.00387596899224806,0.00221223891421378,0.00553969907028234,0.736434108527132,0.724637760872786,0.748230456181478,0.124031007751938,0.11520538184053,0.132856633663346,0.135658914728682,0.126490320342694,0.144827509114671,0.25968992248062,0.247949860453428,0.271429984507813
172,2018/19,S08000028, ,206,0.00970873786407767,0.00355016628987442,0.0158673094382809,0.713592233009709,0.685197709526015,0.741986756493403,0.169902912621359,0.146315408506519,0.1934904167362,0.106796116504854,0.0873975265316874,0.126194706478021,0.276699029126214,0.248600701400211,0.304797356852216
173,2019/20,S08000028, ,268,0,0,0,0.682835820895522,0.672774486073718,0.692897155717327,0.197761194029851,0.189149714793754,0.206372673265948,0.119402985074627,0.112392443249849,0.126413526899405,0.317164179104478,0.307102844282673,0.327225513926283
174,2020/21,S08000028, ,175,0.0228571428571429,0.0125610801092713,0.0331532056050144,0.685714285714286,0.653731587689057,0.717696983739515,0.137142857142857,0.113443464061336,0.160842250224378,0.154285714285714,0.129399670003828,0.1791717585676,0.291428571428571,0.260121743920045,0.322735398937098
175,2021/22,S08000028, ,229,0.00873362445414847,0.00547376051876294,0.011993488389534,0.746724890829694,0.7314884475656,0.761961334093788,0.131004366812227,0.119183244460695,0.142825489163759,0.11353711790393,0.102422200499293,0.124652035308567,0.244541484716157,0.229482745514894,0.259600223917421
176,2022/23,S08000028, ,180,0,0,0,0.705555555555556,0.670995372466573,0.740115738644539,0.138888888888889,0.112666509730539,0.165111268047239,0.155555555555556,0.128074269742136,0.183036841368975,0.294444444444444,0.259884261355461,0.329004627533428
177,2023/24,S08000028, ,168,0.0119047619047619,0.00352497496019607,0.0202845488493277,0.744047619047619,0.710330289606303,0.777764948488935,0.148809523809524,0.121311469961639,0.176307577657409,0.0952380952380952,0.072557955798308,0.117918234677883,0.244047619047619,0.210861403942662,0.277233834152576
178,2001/02,S08000029, ,3616,0.0113384955752212,0.0102346681420303,0.0124423230084122,0.753871681415929,0.749380825091539,0.75836253774032,0.131360619469027,0.127838922327161,0.134882316610892,0.103429203539823,0.100254424252703,0.106603982826943,0.23478982300885,0.230370765468207,0.239208880549492
179,2002/03,S08000029, ,3345,0.00866965620328849,0.00736953032655859,0.00996978208001839,0.748579970104634,0.742495898698666,0.754664041510602,0.133034379671151,0.128271625711066,0.137797133631236,0.109715994020927,0.105332963234077,0.114099024807777,0.242750373692078,0.236737601472607,0.248763145911548
180,2003/04,S08000029, ,3419,0.00760456273764259,0.00652383693023034,0.00868528854505483,0.749341912840012,0.743950322428649,0.754733503251374,0.138052062006435,0.133760671996605,0.142343452016264,0.105001462415911,0.101187777086717,0.108815147745106,0.243053524422346,0.237717478401613,0.248389570443079
181,2004/05,S08000029, ,3491,0.00859352621025494,0.00749647411749846,0.00969057830301142,0.745631624176454,0.740455443940483,0.750807804412424,0.145230592953309,0.141042954179842,0.149418231726775,0.100544256659983,0.0969700125884649,0.104118500731501,0.245774849613291,0.240657620091525,0.250892079135058
182,2005/06,S08000029, ,3578,0.00642817216321968,0.00589781237678621,0.00695853194965314,0.711291224147569,0.708283895297466,0.714298552997672,0.150642817216322,0.148269003695661,0.153016630736983,0.13163778647289,0.129394070153682,0.133881502792097,0.282280603689212,0.279293536007244,0.285267671371179
183,2006/07,S08000029, ,3282,0.00639853747714808,0.00535060460115299,0.00744647035314317,0.738878732480195,0.73310582362144,0.74465164133895,0.134673979280926,0.13018736511452,0.139160593447333,0.120048750761731,0.115777106047207,0.124320395476255,0.254722730042657,0.248996355060646,0.260449105024668
184,2007/08,S08000029, ,3551,0.00478738383553928,0.00450695897898072,0.00506780869209785,0.754153759504365,0.752404431771271,0.755903087237459,0.136862855533653,0.135466512421197,0.138259198646108,0.104196001126443,0.102954801975836,0.105437200277051,0.241058856660096,0.239321155703382,0.242796557616809
185,2008/09,S08000029, ,3147,0.00571973307912297,0.00466598331288831,0.00677348284535764,0.774070543374643,0.76822705883281,0.779914027916475,0.130918334922148,0.126205027898509,0.135631641945787,0.0892913886240864,0.0853067429372841,0.0932760343108888,0.220209723546235,0.214419406370869,0.2260000407216
186,2009/10,S08000029, ,3700,0.00756756756756757,0.00700582938454175,0.00812930575059338,0.76027027027027,0.757503008335045,0.763037532205496,0.128648648648649,0.126478424527551,0.130818872769747,0.103513513513514,0.101538929048083,0.105488097978944,0.232162162162162,0.229425407969954,0.234898916354371
187,2010/11,S08000029, ,3725,0.00939597315436242,0.00866896294365756,0.0101229833650673,0.761879194630873,0.758669517774777,0.765088871486968,0.122953020134228,0.120478445188841,0.125427595079616,0.105771812080537,0.103454264109031,0.108089360052043,0.228724832214765,0.22555977973393,0.2318898846956
188,2011/12,S08000029, ,3952,0.0106275303643725,0.0102116780291248,0.0110433826996201,0.776315789473684,0.774625815832554,0.778005763114814,0.11336032388664,0.112074601586733,0.114646046186546,0.0996963562753036,0.0984813536858252,0.100911358864782,0.213056680161943,0.211396090380998,0.214717269942889
189,2012/13,S08000029, ,3999,0.00925231307826957,0,0,0.772693173293323,0,0,0.125531382845711,0,0,0.0925231307826957,0,0,0.218054513628407,0,0
190,2013/14,S08000029, ,4047,0.0108722510501606,0.0102058830617283,0.0115386190385929,0.755374351371386,0.752612118372448,0.758136584370325,0.127748949839387,0.125603948257378,0.129893951421396,0.106004447739066,0.104026303662359,0.107982591815773,0.233753397578453,0.231033882670411,0.236472912486495
191,2014/15,S08000029, ,4057,0.00813408922849396,0.00753207414598658,0.00873610431100134,0.756963273354696,0.754088525347001,0.759838021362391,0.128666502341632,0.126422354953486,0.130910649729778,0.106236135075179,0.104170878797558,0.1083013913528,0.23490263741681,0.232061261320239,0.237744013513382
192,2015/16,S08000029, ,4043,0.00791491466732624,0.00725567713174516,0.00857415220290733,0.771951521147663,0.768830095806141,0.775072946489184,0.122186495176849,0.119750047545357,0.124622942808341,0.0979470690081623,0.0957357261572429,0.100158411859082,0.220133564185011,0.217051103147878,0.223216025222144
193,2016/17,S08000029, ,3833,0.0106965823115053,0.00956705784355782,0.0118261067794529,0.75945734411688,0.754764284040808,0.764150404192952,0.123402034959562,0.119790683474015,0.127013386445108,0.106444038612053,0.103057703607914,0.109830373616193,0.229846073571615,0.225226353280944,0.234465793862286
194,2017/18,S08000029, ,3609,0.00831255195344971,0.00739925141861239,0.00922585248828703,0.765031864782488,0.760767018673586,0.76929671089139,0.123302853976171,0.119995577679204,0.126610130273138,0.103352729287891,0.100290547933163,0.10641491064262,0.226655583264062,0.222444160837463,0.230867005690661
195,2018/19,S08000029, ,2682,0.0100671140939597,0.00788388782661883,0.0122503403613006,0.77889634601044,0.769820624317748,0.787972067703132,0.112229679343773,0.105326525557207,0.11913283313034,0.098806860551827,0.0922808786467615,0.105332842456893,0.2110365398956,0.202112723004405,0.219960356786795
196,2019/20,S08000029, ,2681,0.010443864229765,0.00825660119971098,0.012631127259819,0.756434166355837,0.747199016697298,0.765669316014376,0.119731443491235,0.112746516204896,0.126716370777574,0.113390525923163,0.106568635261935,0.120212416584391,0.233121969414398,0.224024828214919,0.242219110613877
197,2021/22,S08000029, ,3184,0.0157035175879397,0.0141985638422631,0.0172084713336163,0.772613065326633,0.767539357076971,0.777686773576296,0.11714824120603,0.113255339010845,0.121041143401215,0.094535175879397,0.0909936189855611,0.0980767327732329,0.211683417085427,0.206738540430826,0.216628293740029
198,2022/23,S08000029, ,3024,0.0109126984126984,0.00938712726814156,0.0124382695572553,0.771164021164021,0.764995449572419,0.777332592755623,0.110780423280423,0.106171652658999,0.115389193901848,0.107142857142857,0.102601123336564,0.11168459094915,0.21792328042328,0.211861145906037,0.223985414940524
199,2023/24,S08000029, ,3062,0.0107772697583279,0.00949765100033998,0.0120568885163158,0.7472240365774,0.741837960523025,0.752610112631776,0.129653821032005,0.12549071136703,0.13381693069698,0.112344872632266,0.108431259085201,0.116258486179332,0.241998693664272,0.236690818924623,0.247306568403921
200,2002/03,S08000030, ,4141,0.0144892538034291,0.0135228761786475,0.0154556314282107,0.766481526201401,0.763060119973813,0.769902932428989,0.124124607582709,0.12145809719064,0.126791117974779,0.0949046124124608,0.0925344177838179,0.0972748070411036,0.21902921999517,0.21568448592047,0.222373954069871
201,2003/04,S08000030, ,4024,0.0161530815109344,0.0151081176078121,0.0171980454140567,0.758200795228628,0.754651604132407,0.76174998632485,0.120278330019881,0.117581980603121,0.12297467943664,0.105367793240557,0.1028228034875,0.107912782993614,0.225646123260437,0.222181200896334,0.22911104562454
202,2004/05,S08000030, ,3868,0.0129265770423992,0.0120848580926539,0.0137682959921444,0.770941054808687,0.767809681676447,0.774072427940926,0.113753877973113,0.111387898974721,0.116119856971504,0.102378490175801,0.100119566321311,0.104637414030292,0.216132368148914,0.213065240311931,0.219199495985898
203,2005/06,S08000030, ,3812,0.0149527806925498,0.0140224046231234,0.0158831567619763,0.748163693599161,0.744836128889141,0.751491258309181,0.133263378803778,0.130658017201967,0.135868740405588,0.103620146904512,0.101283800850285,0.105956492958739,0.23688352570829,0.233624169182742,0.240142882233837
204,2006/07,S08000030, ,3962,0.01665825340737,0.0158273520972767,0.0174891547174633,0.763250883392226,0.760491193299551,0.766010573484901,0.12796567390207,0.125796991240294,0.130134356563845,0.0921251892983342,0.0902476689480163,0.094002709648652,0.220090863200404,0.217401153036873,0.222780573363935
205,2007/08,S08000030, ,3689,0.0178910273786934,0.0168739300236552,0.0189081247337316,0.78476551911087,0.78161203297931,0.78791900524243,0.113038763892654,0.110609184668796,0.115468343116512,0.0843046896177826,0.08217279169089,0.0864365875446752,0.197343453510436,0.194289648639396,0.200397258381477
206,2008/09,S08000030, ,3944,0.0169878296146045,0.0166677041760758,0.0173079550531331,0.761156186612576,0.760099939146973,0.762212434078179,0.11790060851927,0.117101715593709,0.118699501444831,0.10395537525355,0.103199308597142,0.104711441909957,0.221855983772819,0.220826694716474,0.222885272829165
207,2009/10,S08000030, ,3885,0.0149292149292149,0.0141056856342795,0.0157527442241503,0.765250965250965,0.762372700768515,0.768129229733416,0.121235521235521,0.11901896866131,0.123452073809732,0.0985842985842986,0.096559912782653,0.100608684385944,0.21981981981982,0.21700754519441,0.222632094445229
208,2010/11,S08000030, ,4026,0.0218579234972678,0.0209284116839655,0.02278743531057,0.738698460009935,0.735905568449507,0.741491351570364,0.135370094386488,0.133195261034552,0.137544927738424,0.104073522106309,0.102132386820117,0.106014657392501,0.239443616492797,0.236730822395428,0.242156410590166
209,2011/12,S08000030, ,3955,0.00935524652338812,0,0,0.761061946902655,0,0,0.126169405815424,0,0,0.103413400758534,0,0,0.229582806573957,0,0
210,2012/13,S08000030, ,4175,0.00574850299401198,0,0,0.76814371257485,0,0,0.129580838323353,0,0,0.0965269461077844,0,0,0.226107784431138,0,0
211,2013/14,S08000030, ,4331,0.00623412606788271,0,0,0.762410528746248,0,0,0.129762179635188,0,0,0.101593165550681,0,0,0.231355345185869,0,0
212,2014/15,S08000030, ,4138,0.00724987916868052,0.0066652837957799,0.00783447454158115,0.750845819236346,0.7478653853808,0.753826253091893,0.132189463508942,0.129855570761282,0.134523356256601,0.109714838086032,0.107561227060509,0.111868449111555,0.241904301594973,0.238953406117197,0.24485519707275
213,2015/16,S08000030, ,4093,0.00781822623992182,0.00720221991264405,0.00843423256719958,0.758856584412411,0.755864643646636,0.761848525178187,0.131443928658686,0.129080706068241,0.13380715124913,0.101881260688981,0.0997655831862835,0.103996938191679,0.233325189347667,0.230367028092609,0.236283350602725
214,2016/17,S08000030, ,4250,0.00588235294117647,0.00557173541479296,0.00619297046755998,0.750117647058824,0.748359059442471,0.751876234675176,0.130823529411765,0.129453820008655,0.132193238814874,0.113176470588235,0.111889619770701,0.11446332140577,0.244,0.242255434270633,0.245744565729367
215,2017/18,S08000030, ,4030,0.00967741935483871,0.00881177374761985,0.0105430649620576,0.733746898263027,0.729838556932174,0.737655239593881,0.137965260545906,0.134915826358084,0.141014694733728,0.118610421836228,0.115751400549019,0.121469443123438,0.256575682382134,0.252713808062928,0.26043755670134
216,2018/19,S08000030, ,2732,0.00805270863836018,0.0060197083338177,0.0100857089429027,0.767569546120059,0.757961666882738,0.777177425357379,0.12298682284041,0.115516239699856,0.130457405980963,0.101390922401171,0.094524870363545,0.108256974438798,0.224377745241581,0.214888379766274,0.233867110716888
217,2021/22,S08000030, ,3277,0.0103753433018004,0.00895197229280037,0.0117987143108005,0.721391516631065,0.71509407272202,0.72768896054011,0.142508391821788,0.137597992814186,0.147418790829391,0.125724748245346,0.121067642446266,0.130381854044427,0.268233140067135,0.262009790300852,0.274456489833417
218,2022/23,S08000030, ,3419,0.00994442819537877,0.00866739576162093,0.0112214606291366,0.768353319684118,0.762923620622932,0.773783018745305,0.121380520620064,0.117177542346653,0.125583498893476,0.100321731500439,0.0964551839268221,0.104188279074055,0.221702252120503,0.21635611402758,0.227048390213426
219,2023/24,S08000030, ,3229,0.00774233508826262,0.00658882703788163,0.00889584313864361,0.740476927841437,0.734707720212169,0.746246135470705,0.130071229482812,0.125644276733655,0.134498182231969,0.121709507587488,0.117406681825022,0.126012333349955,0.2517807370703,0.246068606718496,0.257492867422105
220,2006/07,S08000031, ,1632,0.0275735294117647,0.020216197699925,0.0349308611236044,0.768995098039216,0.750057793871944,0.787932402206487,0.115808823529412,0.101431114694449,0.130186532364375,0.0876225490196078,0.0749185344141387,0.100326563625077,0.20343137254902,0.185344381036981,0.221518364061058
221,2007/08,S08000031, ,1591,0.0364550597108737,0.0279348420714404,0.0449752773503069,0.800754242614708,0.782595743074077,0.818912742155339,0.0917661847894406,0.0786418903312326,0.104890479247649,0.071024512884978,0.0593472232292326,0.0827018025407234,0.162790697674419,0.146007774415951,0.179573620932886
222,2008/09,S08000031, ,1637,0.0244349419670128,0.0175272581801464,0.0313426257538793,0.810629199755651,0.7930998299456,0.828158569565701,0.0940745265729994,0.0810133911971924,0.107135661948806,0.0708613317043372,0.0593812865425521,0.0823413768661223,0.164935858277337,0.148331727921733,0.18153998863294
223,2009/10,S08000031, ,7490,0.015086782376502,0.0134554728666942,0.0167180918863098,0.777570093457944,0.772004577451076,0.783135609464812,0.114953271028037,0.110684696782811,0.119221845273263,0.0923898531375167,0.0885145928145462,0.0962651134604872,0.207343124165554,0.201917789828687,0.212768458502421
224,2010/11,S08000031, ,1835,0.0294277929155313,0.0223261853332012,0.0365294004978615,0.803269754768392,0.786565381974742,0.819974127562043,0.0920980926430518,0.0799471860664325,0.104248999219671,0.0752043596730245,0.064122611028904,0.086286108317145,0.167302452316076,0.151618385066635,0.182986519565517
225,2011/12,S08000031, ,10952,0.00931336742147553,0.00890109538920303,0.00972563945374803,0.775931336742148,0.77414170134236,0.777720972141935,0.115686632578524,0.114313833309962,0.117059431847087,0.0990686632578525,0.097786402497176,0.100350924018529,0.214755295836377,0.212992764677236,0.216517826995518
226,2012/13,S08000031, ,11494,0.0121802679658952,0.0118836923962069,0.0124768435355836,0.779537149817296,0.778416282462288,0.780658017172304,0.1146685227075,0.113807046743342,0.115529998671657,0.0936140595093092,0.092826478523307,0.0944016404953114,0.208282582216809,0.2071846395062,0.209380524927418
227,2013/14,S08000031, ,11531,0.0122279073801058,0.0117247841723802,0.0127310305878314,0.781025062873992,0.779131849364588,0.782918276383396,0.113433353568641,0.111981589696222,0.11488511744106,0.0933136761772613,0.0919820844557082,0.0946452678988144,0.206747029745902,0.204893090930105,0.208600968561699
228,2014/15,S08000031, ,11624,0.0147109428768066,0.01424936946738,0.0151725162862332,0.782604955264969,0.781023580462283,0.784186330067655,0.113988300068823,0.112769903788534,0.115206696349112,0.0886958017894012,0.0876058132916313,0.0897857902871712,0.202684101858224,0.201142884996224,0.204225318720225
229,2015/16,S08000031, ,10878,0.0115830115830116,0.0108452565069885,0.0123207666590347,0.779555065269351,0.776696784934247,0.782413345604456,0.111969111969112,0.109794936891125,0.114143287047099,0.0968928111785255,0.0948532027959233,0.0989324195611276,0.208861923147637,0.206059155212954,0.211664691082321
230,2016/17,S08000031, ,10523,0.0113085621970921,0.0104728609857258,0.0121442634084584,0.77211821723843,0.768802987317101,0.77543344715976,0.114796160790649,0.112276730909037,0.117315590672261,0.101777059773829,0.0993874115651588,0.104166707982499,0.216573220564478,0.213317714315083,0.219828726813873
231,2017/18,S08000031, ,11357,0.0111825305978692,0.0105373657039789,0.0118276954917594,0.775204719556221,0.772643514129624,0.777765924982818,0.117724751254733,0.115747423996252,0.119702078513214,0.0958879985911773,0.0940815073556726,0.0976944898266819,0.21361274984591,0.211098117880352,0.216127381811468
232,2018/19,S08000031, ,8598,0.00825773435682717,0.00717771247437657,0.00933775623927777,0.76948127471505,0.76445490045891,0.77450764897119,0.117934403349616,0.114085177544068,0.121783629155164,0.104326587578507,0.100678417876332,0.107974757280681,0.222260990928123,0.217299053833752,0.227222928022494
233,2020/21,S08000031, ,7328,0.00655021834061135,0.00539374524523884,0.00770669143598386,0.704967248908297,0.698429108077228,0.711505389739366,0.138782751091703,0.133826437329395,0.143739064854011,0.149699781659389,0.144584949175256,0.154814614143522,0.288482532751092,0.281987411989267,0.294977653512916
234,2021/22,S08000031, ,11965,0.0140409527789386,0.0137271837265593,0.0143547218313178,0.753865440869202,0.752716717136109,0.755014164602295,0.115670706226494,0.114817800406787,0.1165236120462,0.116422900125366,0.11556758961079,0.117278210639941,0.23209360635186,0.230967788557637,0.233219424146083
235,2022/23,S08000031, ,11734,0.0161070393727629,0,0,0.765467871143685,0,0,0.10746548491563,0,0,0.110959604567922,0,0,0.218425089483552,0,0
236,2023/24,S08000031, ,10784,0.0114057863501484,0.0109331472755854,0.0118784254247113,0.764929525222552,0.763042108800178,0.766816941644926,0.112203264094955,0.110798454410156,0.113608073779755,0.111461424332344,0.110060681486675,0.112862167178013,0.2236646884273,0.221809955605359,0.225519421249241
237,2001/02,S08000032, ,5874,0.0219611848825332,0.0202030232604725,0.0237193465045939,0.76796050391556,0.762896392341176,0.773024615489945,0.11338100102145,0.109577430029745,0.117184572013156,0.0966973101804562,0.0931518165061526,0.10024280385476,0.210078311201907,0.205191388223069,0.214965234180744
238,2002/03,S08000032, ,6313,0.0228100744495486,0.0211863158288489,0.0244338330702482,0.764137494059876,0.759520239306428,0.768754748813325,0.121653730397592,0.118098528869821,0.125208931925364,0.0913987010929827,0.0882645111223677,0.0945328910635978,0.213052431490575,0.208599102556644,0.217505760424507
239,2003/04,S08000032, ,6359,0.0226450699795565,0.021262827726526,0.0240273122325871,0.748388111338261,0.744356300056615,0.752419922619906,0.12187450857053,0.118834982252775,0.124914034888285,0.107092310111653,0.104219191191568,0.109965429031738,0.228966818682183,0.225062960915957,0.232870676448409
240,2004/05,S08000032, ,6114,0.0240431795878312,0.02234426828619,0.0257420908894724,0.760876676480209,0.756145953054489,0.76560739990593,0.110565914295061,0.10708793518857,0.114043893401551,0.104514229636899,0.101121287057201,0.107907172216597,0.215080143931959,0.210523214843271,0.219637073020648
241,2005/06,S08000032, ,5848,0.0203488372093023,0.0187910351822459,0.0219066392363587,0.764192886456908,0.759509212196231,0.768876560717586,0.118673050615595,0.115104833146094,0.122241268085096,0.0967852257181943,0.0935230542358784,0.10004739720051,0.215458276333789,0.210922032927109,0.219994519740469
242,2006/07,S08000032, ,5588,0.0268432355046528,0.0249101492841235,0.0287763217251822,0.77219040801718,0.767174026075321,0.777206789959039,0.108446671438797,0.104727688657334,0.112165654220261,0.0925196850393701,0.0890540879455162,0.095985282133224,0.200966356478168,0.196173586306832,0.205759126649503
243,2007/08,S08000032, ,5761,0.0282936990105884,0.0264685459231352,0.0301188520980416,0.772261760111092,0.767645532986485,0.776877987235699,0.111438986287103,0.107975215644858,0.114902756929348,0.0880055545912168,0.0848871097833583,0.0911239993990753,0.19944454087832,0.195046151114258,0.203842930642381
244,2008/09,S08000032, ,6154,0.0342866428339292,0.0327150837407001,0.0358582019271582,0.788105297367566,0.784575934695778,0.791634660039354,0.0968475788105297,0.0942932957445417,0.0994018618765178,0.0807604809879753,0.0784072860428511,0.0831136759330995,0.177608059798505,0.174307292768182,0.180908826828829
245,2009/10,S08000032, ,6095,0.0257588187038556,0.0241153056099011,0.0274023317978101,0.791960623461854,0.787749465601058,0.79617178132265,0.101394585726005,0.0982629671995953,0.104526204252415,0.0808859721082855,0.0780571980699304,0.0837147461466406,0.18228055783429,0.178275126490974,0.186285989177606
246,2010/11,S08000032, ,5756,0.03318276580959,0.0310083305073077,0.0353572011118723,0.791521890201529,0.786590382643617,0.796453397759441,0.0931202223766505,0.089592333730402,0.0966481110228989,0.0821751216122307,0.078841102400609,0.0855091408238524,0.175295343988881,0.170679486186889,0.179911201790874
247,2011/12,S08000032, ,7077,0.0293909848805991,0.0285761305431502,0.030205839218048,0.776741557156987,0.774732496875277,0.778750617438698,0.101031510527059,0.099577554040759,0.10248546701336,0.092835947435354,0.0914358709719383,0.0942360238987697,0.193867457962413,0.191960213177641,0.195774702747186
248,2012/13,S08000032, ,7019,0.0236500926057843,0.0227014933472013,0.0245986918643673,0.777603647243197,0.775007635885804,0.78019965860059,0.109559766348483,0.107609959688336,0.111509573008629,0.089186493802536,0.0874072810211471,0.0909657065839249,0.198746260151019,0.19625512017657,0.201237400125467
249,2013/14,S08000032, ,7215,0.0185724185724186,0.017761012052725,0.0193838250921122,0.784476784476785,0.782005559931824,0.786948009021745,0.105336105336105,0.103491116612967,0.107181094059244,0.0916146916146916,0.0898809165809267,0.0933484666484565,0.196950796950797,0.194560647369537,0.199340946532057
250,2014/15,S08000032, ,7153,0.0194324059835034,0.0186085875867076,0.0202562243802992,0.781490283797008,0.779024093424258,0.783956474169759,0.107367538095904,0.105519962292438,0.109215113899369,0.0917097721235845,0.0899873104858324,0.0934322337613367,0.199077310219488,0.196694246741343,0.201460373697633
251,2015/16,S08000032, ,6923,0.0177668640762675,0.0168183277302803,0.0187154004222548,0.767441860465116,0.764408459569025,0.770475261361208,0.117145746063845,0.114836612442912,0.119454879684779,0.0976455293947711,0.0955141730522328,0.0997768857373093,0.214791275458616,0.211842496811505,0.217740054105728
252,2016/17,S08000032, ,7004,0.0131353512278698,0.0124115832849048,0.0138591191708348,0.767989720159909,0.7653063473189,0.770673093000918,0.12164477441462,0.119566841483433,0.123722707345807,0.0972301541976014,0.0953467709117548,0.099113537483448,0.218874928612222,0.216246428500029,0.221503428724415
253,2017/18,S08000032, ,6498,0.0169282856263466,0.0157665214521845,0.0180900498005086,0.765004616805171,0.761186224170892,0.76882300943945,0.116189596799015,0.113303691554222,0.119075502043808,0.101877500769468,0.0991533833719454,0.10460161816699,0.218067097568483,0.21434833281478,0.221785862322185
254,2018/19,S08000032, ,6601,0.0146947432207241,0.013770258278305,0.0156192281631433,0.75185577942736,0.748537195581167,0.755174363273552,0.121799727314043,0.119286953583737,0.12431250104435,0.111649750037873,0.109230089546622,0.114069410529124,0.233449477351916,0.23019935069033,0.236699604013503
255,2019/20,S08000032, ,2929,0.0095595766473199,0.00685034454970836,0.0122688087449315,0.760327756913622,0.748442132654194,0.772213381173051,0.121884602253329,0.112775765425205,0.130993439081453,0.108228064185729,0.0995781948000222,0.116877933571436,0.230112666439058,0.218393504552579,0.241831828325537
256,2021/22,S08000032, ,9710,0.0109165808444902,0,0,0.737796086508754,0,0,0.125746652935118,0,0,0.125540679711638,0,0,0.251287332646756,0,0
257,2022/23,S08000032, ,6908,0.0082513028372901,0.00790495123523842,0.00859765443934178,0.759119861030689,0.757482626892124,0.760757095169254,0.117400115807759,0.116167660118835,0.118632571496683,0.115228720324262,0.114006214333919,0.116451226314604,0.232628836132021,0.231011167256117,0.234246505007925
258,2023/24,S08000032, ,6020,0.00747508305647841,0.00671882353851378,0.00823134257444303,0.753322259136213,0.749537419227954,0.757107099044472,0.12109634551495,0.118231980987338,0.123960710042563,0.118106312292359,0.115272723638399,0.120939900946319,0.239202657807309,0.235457159312362,0.242948156302256
259,2001/02,S92000003,d,12234,0.0168383194376328,0.0153320128345613,0.0183446260407044,0.758623508255681,0.753613803060571,0.763633213450791,0.123835213339872,0.119978951526038,0.127691475153707,0.100702958966814,0.0971798649391206,0.104226052994507,0.224538172306686,0.21965303426854,0.229423310344833
260,2002/03,S92000003,d,15540,0.0171171171171171,0.015855444995958,0.0183787892382762,0.755920205920206,0.751742054252031,0.760098357588381,0.127284427284427,0.12404249224133,0.130526362327524,0.0996782496782497,0.0967643178821197,0.10259218147438,0.226962676962677,0.222888332310046,0.231037021615308
261,2003/04,S92000003,d,16650,0.0165165165165165,0.0153641617742089,0.0176688712588241,0.753573573573574,0.749677295902235,0.757469851244912,0.126606606606607,0.12360000028961,0.129613212923603,0.103303303303303,0.10055146241407,0.106055144192537,0.22990990990991,0.226105449728578,0.233714370091242
262,2004/05,S92000003,d,22591,0.0155814262316852,0.0149128446513046,0.0162500078120657,0.755212252666991,0.752891171886475,0.757533333447508,0.124075959452879,0.122296295728829,0.12585562317693,0.105130361648444,0.103474573118672,0.106786150178216,0.229206321101324,0.226937275252709,0.231475366949938
263,2005/06,S92000003,d,25656,0.0150841908325538,0.0145489050846893,0.0156194765804182,0.751091362644216,0.749192509034398,0.752990216254034,0.128196133458061,0.126727978230819,0.129664288685302,0.10562831306517,0.104278497878121,0.106978128252219,0.23382444652323,0.231965639863032,0.235683253183428
264,2006/07,S92000003,d,25004,0.0155175171972484,0.0145700993492962,0.0164649350452007,0.761278195488722,0.758010480369467,0.764545910607976,0.123340265557511,0.120819720779859,0.125860810335162,0.099864021756519,0.0975658365002234,0.102162207012815,0.22320428731403,0.2200125207281,0.226396053899959
265,2007/08,S92000003,d,28055,0.0168597397968277,0.0159678769618042,0.0177516026318512,0.770842986989841,0.767931502830851,0.773754471148832,0.119087506683301,0.116843808799687,0.121331204566914,0.0932097665300303,0.0911958149756223,0.0952237180844383,0.212297273213331,0.209464457812748,0.215130088613914
266,2008/09,S92000003,d,34328,0.017973665812165,0.0172451114487879,0.0187022201755421,0.77289676066185,0.770599266199432,0.775194255124269,0.116202516895828,0.114445134737737,0.11795989905392,0.0929270566301561,0.0913349422592575,0.0945191710010548,0.209129573525985,0.206899380470328,0.211359766581641
267,2009/10,S92000003,d,45842,0.0151171414859736,0.0146783918174875,0.0155558911544596,0.768770996029842,0.767254960699949,0.770287031359734,0.120239082064482,0.119069596591043,0.121408567537922,0.0958727804197025,0.0948141311397473,0.0969314296996576,0.216111862484185,0.21463188188512,0.21759184308325
268,2010/11,S92000003,d,41124,0.0180916253282755,0.0174371971397764,0.0187460535167745,0.766827156891353,0.764750926950854,0.768903386831851,0.118179165450832,0.116594095765105,0.119764235136559,0.0969020523295399,0.0954495339437806,0.0983545707152992,0.215081217780372,0.213063774529865,0.217098661030879
269,2011/12,S92000003,d,52448,0.0124694935936547,0.0122377364248232,0.0127012507624861,0.768322910311165,0.76744176619707,0.769204054425261,0.120805369127517,0.120124726506958,0.121486011748075,0.0984022269676632,0.0977801524849457,0.0990243014503807,0.21920759609518,0.218343565546129,0.220071626644231
270,2012/13,S92000003,d,54418,0.0116138042559447,0.0114273948216408,0.0118002136902486,0.775147928994083,0.77442155875247,0.775874299235695,0.11959278180014,0.119028219877859,0.12015734372242,0.0936454849498328,0.0931385995586715,0.094152370340994,0.213238266749972,0.212525624628802,0.213950908871143
271,2013/14,S92000003,d,55048,0.0103364336578986,0.0101151705479337,0.0105576967678634,0.763206656009301,0.762276650159464,0.764136661859138,0.124327859322773,0.123606029444058,0.125049689201488,0.102129051010028,0.101466588251665,0.102791513768391,0.2264569103328,0.225541291104099,0.227372529561502
272,2014/15,S92000003,d,54980,0.0111676973444889,0.0109344897122775,0.0114009049767003,0.770625682066206,0.769692656050705,0.771558708081707,0.120061840669334,0.119340520304741,0.120783161033928,0.0981447799199709,0.0974845402218889,0.0988050196180529,0.218206620589305,0.217290021176078,0.219123220002533
273,2015/16,S92000003,d,53730,0.0115019542155221,0.0112268660243651,0.011777042406679,0.767243625535083,0.766153401733707,0.768333849336459,0.121663874930207,0.120820521884619,0.122507227975794,0.0995905453191885,0.0988179940660125,0.100363096572365,0.221254420249395,0.220183537314172,0.222325303184618
274,2016/17,S92000003,d,52535,0.00974588369658323,0.00945988720417575,0.0100318801889907,0.76141619872466,0.760175380112391,0.762657017336928,0.123727039116779,0.122768458193439,0.124685620040119,0.105110878461978,0.10421801466566,0.106003742258295,0.228837917578757,0.22761495380236,0.230060881355154
275,2017/18,S92000003,d,52928,0.0109204957678356,0.0106349832164155,0.0112060083192556,0.76424576783555,0.7630796707862,0.7654118648849,0.122846130592503,0.121944337179149,0.123747924005857,0.101987605804111,0.101156218687917,0.102818992920306,0.224833736396614,0.223686860047192,0.225980612746036
276,2018/19,S92000003,d,45080,0.00982697426796806,0.00940092170335411,0.010253026832582,0.765705412599823,0.763876008216655,0.76753481698299,0.121783496007099,0.120370982060314,0.123196009953883,0.102684117125111,0.101373058707903,0.103995175542319,0.224467613132209,0.222665531157481,0.226269695106938
277,2019/20,S92000003,d,25258,0.00989785414522132,0.00898830113617785,0.0108074071542648,0.763045371763402,0.759138534976837,0.766952208549966,0.1234460368992,0.120423682458783,0.126468391339617,0.103610737192177,0.10081067167058,0.106410802713773,0.227056774091377,0.223207680080107,0.230905868102647
278,2020/21,S92000003,d,22565,0.00740084201196543,0.00653533985891745,0.00826634416501342,0.69886993130955,0.6942374265516,0.703502436067501,0.139552404165743,0.136053182063678,0.143051626267809,0.154176822512741,0.150530207034978,0.157823437990504,0.293729226678484,0.289129840952773,0.298328612404196
279,2021/22,S92000003,d,55111,0.0112500226814973,0.0111493421282942,0.0113507032347005,0.746511585708842,0.746096322950543,0.746926848467142,0.124240169839052,0.12392528686438,0.124555052813724,0.117998221770608,0.117690259074893,0.118306184466324,0.242238391609661,0.241829400905558,0.242647382313763
280,2022/23,S92000003,d,49946,0.012833860569415,0.0125853342337546,0.0130823869050753,0.767508909622392,0.766576206344557,0.768441612900228,0.114263404476835,0.113560972122479,0.114965836831191,0.105393825331358,0.10471583708871,0.106071813574005,0.219657229808193,0.218743086910025,0.220571372706361
281,2023/24,S92000003,d,46889,0.0120923884066625,0.0117586023101183,0.0124261745032068,0.76536074559065,0.764066587118422,0.766654904062878,0.117234319349954,0.116251883648311,0.118216755051597,0.105312546652733,0.104375136260604,0.106249957044862,0.222546866002687,0.221276578915276,0.223817153090099
